<?xml version="1.0" encoding="UTF-8"?>
<project-private xmlns="http://www.netbeans.org/ns/project-private/1">
    <editor-bookmarks xmlns="http://www.netbeans.org/ns/editor-bookmarks/2" lastBookmarkId="0"/>
    <open-files xmlns="http://www.netbeans.org/ns/projectui-open-files/2">
        <group>
            <file>file:/C:/Users/Jordan/Documents/GitHub/IHM/TP%20-%20JDBC/src/personnel/Employe.java</file>
            <file>file:/C:/Users/Jordan/Documents/GitHub/IHM/TP%20-%20JDBC/src/vue/FenetreConteneur.java</file>
            <file>file:/C:/Users/Jordan/Documents/GitHub/IHM/TP%20-%20JDBC/src/accesBd/connexionOracle.properties</file>
            <file>file:/C:/Users/Jordan/Documents/GitHub/IHM/TP%20-%20JDBC/src/accesBd/AccesBdOracle.java</file>
            <file>file:/C:/Users/Jordan/Documents/GitHub/IHM/TP%20-%20JDBC/src/personnel/Personnel.java</file>
            <file>file:/C:/Users/Jordan/Documents/GitHub/IHM/TP%20-%20JDBC/src/personnel/Directeur.java</file>
            <file>file:/C:/Users/Jordan/Documents/GitHub/IHM/TP%20-%20JDBC/src/personnel/Commercial.java</file>
        </group>
    </open-files>
</project-private>
